file_name,source_file,session_id,participant_id,status,notes,curvature_status,timing_status,curvature_method,curvature_coverage_pct,curvature_used_points,curvature_total_points,curvature_excluded_ranges,curvature_reversal_count,curvature_sparse_gap_count,num_resample_points,smoothing_window,trajectory_id,source_type,bot_seed,planned_duration_s,control_x,control_y,noise_amplitude_px,generator_version,sample_count,moving_position_count,path_length,direct_distance,path_ratio,max_chord_dev_px,duration_s,mean_speed_px_s,stationary_interval_s,median_sample_interval_ms,max_sample_interval_ms,peak_to_mean_speed,target_center_distance,total_angle_change,mean_curvature,max_curvature,p95_curvature,max_source_step_px,smoothing_span_px,curvature_std
P01.csv,/Users/lizaafonin/Documents/cs/גאומטריה יישומית/project/data/session_01/P01.csv,session_01,P01,review,Excluded windows touching 1 sparse source gaps; Curvature describes retained portions only (61.6% of path length),partial_estimate,ok,local_mask_v1,61.61616161616163,63,94,"[{""start_s_px"": 0.0, ""end_s_px"": 11.703524708556222, ""reason"": ""endpoint""}, {""start_s_px"": 374.51279067379903, ""end_s_px"": 386.2163153823553, ""reason"": ""endpoint""}, {""start_s_px"": 138.29647529144378, ""end_s_px"": 260.5620094228184, ""reason"": ""sparse_source""}]",0,1,100,7,0f950af3,human,,,,,,,73,33,386.2163153823552,364.2320688791694,1.0603578003739118,39.721927957967985,0.7320704579979065,527.5671366914518,0.22776291699119608,5.835667001519996,63.465791994531116,5.744539755855674,365.77178677421256,4.741240433695215,0.008881455562342476,0.04435150782753046,0.03490567273713786,98.85848471426213,23.407049417112443,0.012841978180146178
P02.csv,/Users/lizaafonin/Documents/cs/גאומטריה יישומית/project/data/session_01/P02.csv,session_01,P02,ok,,estimated,ok,local_mask_v1,93.93939393939392,94,94,"[{""start_s_px"": 0.0, ""end_s_px"": 8.855152011938042, ""reason"": ""endpoint""}, {""start_s_px"": 283.36486438201734, ""end_s_px"": 292.2200163939554, ""reason"": ""endpoint""}]",0,0,100,7,8da77ac0,human,,,,,,,65,40,292.22001639395535,269.80919183749097,1.0830617533963138,33.37914449343302,0.4806715410013567,607.9411645324152,0.10285774999647393,5.729708500439246,24.405333002505415,2.6683610279097483,278.72925931807015,2.8609479307599024,0.008076678417213276,0.06766147132046726,0.032929757435608026,24.351591323771842,17.710304023876084,0.01274169513968523
P03.csv,/Users/lizaafonin/Documents/cs/גאומטריה יישומית/project/data/session_01/P03.csv,session_01,P03,review,Excluded windows around 2 exact direction reversals; Curvature describes retained portions only (86.9% of path length),partial_estimate,ok,local_mask_v1,86.86868686868685,88,94,"[{""start_s_px"": 0.0, ""end_s_px"": 22.95537420518584, ""reason"": ""endpoint""}, {""start_s_px"": 734.5719745659469, ""end_s_px"": 757.5273487711328, ""reason"": ""endpoint""}, {""start_s_px"": 596.9219841192656, ""end_s_px"": 642.8327325296374, ""reason"": ""direction_reversal""}, {""start_s_px"": 599.9219841192656, ""end_s_px"": 645.8327325296374, ""reason"": ""direction_reversal""}]",2,0,100,7,4ee9dda5,human,,,,,,,109,69,757.5273487711327,730.9240726641858,1.036396771021618,48.91752965485814,0.8299600000027567,912.7275396026514,0.219536043019616,5.750791497121141,23.852917001931928,5.6873522734019,749.1288273721683,16.081205634872944,0.00274105706317572,0.0315785306476542,0.012758252055186794,73.824115301167,45.91074841037168,0.005171423094159865
P04.csv,/Users/lizaafonin/Documents/cs/גאומטריה יישומית/project/data/session_01/P04.csv,session_01,P04,review,Excluded windows touching 1 sparse source gaps; Curvature describes retained portions only (62.6% of path length),partial_estimate,ok,local_mask_v1,62.62626262626263,64,94,"[{""start_s_px"": 0.0, ""end_s_px"": 11.349172007505452, ""reason"": ""endpoint""}, {""start_s_px"": 363.17350424017445, ""end_s_px"": 374.5226762476799, ""reason"": ""endpoint""}, {""start_s_px"": 116.34293653362892, ""end_s_px"": 229.39613653325193, ""reason"": ""sparse_source""}]",0,1,100,7,509cb52e,human,,,,,,,77,26,374.5226762476799,343.4020966738555,1.0906243143977685,43.063219890718464,0.6812529580056434,549.7556698235685,0.2854470419988501,5.738979496527449,26.383666998299304,9.045787517298637,350.43544341290595,9.839057344564443,0.012573100954337856,0.09700978280467604,0.051521162969122444,90.35485598461214,22.698344015010903,0.021006995955768108
P05.csv,/Users/lizaafonin/Documents/cs/גאומטריה יישומית/project/data/session_01/P05.csv,session_01,P05,ok,,estimated,ok,local_mask_v1,93.93939393939394,94,94,"[{""start_s_px"": 0.0, ""end_s_px"": 7.863187130057634, ""reason"": ""endpoint""}, {""start_s_px"": 251.62198816184426, ""end_s_px"": 259.4851752919019, ""reason"": ""endpoint""}]",0,0,100,7,0e280848,bot_curved,205840285,1.0,372.1637585413724,456.05369209910054,0.0,bots_v1,110,109,259.4851752919016,243.24884377936928,1.0667478260544538,32.320811387415944,0.9183744999972988,282.5483234700711,0.0009082090036827,6.107415996666532,23.631167001440218,1.1348138763375033,277.34635386101615,35.051888194172804,0.007637432031535799,0.025283104987260344,0.019047816907870437,6.082762530298219,15.726374260115268,0.0061511161936485086
P06.csv,/Users/lizaafonin/Documents/cs/גאומטריה יישומית/project/data/session_01/P06.csv,session_01,P06,ok,,estimated,ok,local_mask_v1,93.93939393939394,94,94,"[{""start_s_px"": 0.0, ""end_s_px"": 10.245700190673823, ""reason"": ""endpoint""}, {""start_s_px"": 327.8624061015623, ""end_s_px"": 338.10810629223613, ""reason"": ""endpoint""}]",0,0,100,7,d70b2024,bot_linear,276712198,1.0,,,0.0,bots_v1,117,116,338.1081062922359,336.3108680967655,1.0053439789372294,0.5917144489744603,0.934804249998706,361.6886704277435,0.0009021669975481,5.864624999958298,15.764125004352536,1.0421390869902913,356.0631966379002,18.573615621008404,0.0024113020828379224,0.012973830882781886,0.007734169502161605,5.830951894845301,20.491400381347646,0.0024696190543755142
P07.csv,/Users/lizaafonin/Documents/cs/גאומטריה יישומית/project/data/session_01/P07.csv,session_01,P07,ok,,estimated,ok,local_mask_v1,93.93939393939394,94,94,"[{""start_s_px"": 0.0, ""end_s_px"": 11.405420362029359, ""reason"": ""endpoint""}, {""start_s_px"": 364.9734515849395, ""end_s_px"": 376.37887194696884, ""reason"": ""endpoint""}]",0,0,100,7,564cf7ba,bot_curved,4148390194,1.0,700.1521178642042,325.84678616481733,0.0,bots_v1,91,90,376.3788719469688,364.6601157242179,1.0321361062464354,36.90559899393523,0.9430429589992856,399.111056771332,0.0009249169961549,9.501791500952084,31.08799999608891,1.0595312976526814,380.00657889041867,12.375692804459653,0.003687864281344176,0.010932837659592052,0.008187220053604186,12.206555615733702,22.810840724058718,0.0027100793521917087
P08.csv,/Users/lizaafonin/Documents/cs/גאומטריה יישומית/project/data/session_01/P08.csv,session_01,P08,ok,,estimated,ok,local_mask_v1,93.93939393939395,94,94,"[{""start_s_px"": 0.0, ""end_s_px"": 14.221118298549815, ""reason"": ""endpoint""}, {""start_s_px"": 455.075785553594, ""end_s_px"": 469.2969038521438, ""reason"": ""endpoint""}]",0,0,100,7,78d5aff1,bot_noisy,3618663565,1.0,,,12.0,bots_v1,97,96,469.2969038521437,462.17961876309516,1.015399391924932,9.929040169017574,0.949465000005148,494.2750958166959,0.0008778330011409,6.351395506499104,35.251250003057095,1.0282162951554712,468.30972656992725,17.10047356526875,0.005412734007125928,0.01832814471579808,0.01552127748320113,17.0,28.44223659709963,0.00464424928679916
P09.csv,/Users/lizaafonin/Documents/cs/גאומטריה יישומית/project/data/session_01/P09.csv,session_01,P09,ok,,estimated,ok,local_mask_v1,93.93939393939394,94,94,"[{""start_s_px"": 0.0, ""end_s_px"": 17.439243128662007, ""reason"": ""endpoint""}, {""start_s_px"": 558.0557801171842, ""end_s_px"": 575.4950232458463, ""reason"": ""endpoint""}]",0,0,100,7,a1ba9eb6,bot_linear,3755372071,1.0,,,0.0,bots_v1,100,99,575.4950232458457,574.5015230615146,1.0017293255882713,0.588336125200853,0.9626542500045616,597.8211006112721,0.00089816700347,6.0541659986483864,48.18670800159447,1.0202651243688499,598.6225856079939,9.00357854068286,0.0013650026993505143,0.004859078199607663,0.003516585327885903,28.600699292150182,34.87848625732401,0.0011416393156145751
P10.csv,/Users/lizaafonin/Documents/cs/גאומטריה יישומית/project/data/session_01/P10.csv,session_01,P10,ok,,estimated,ok,local_mask_v1,93.93939393939395,94,94,"[{""start_s_px"": 0.0, ""end_s_px"": 15.917276135186894, ""reason"": ""endpoint""}, {""start_s_px"": 509.3528363259806, ""end_s_px"": 525.2701124611675, ""reason"": ""endpoint""}]",0,0,100,7,73444185,bot_curved,2891502352,1.0,426.9189928492374,437.0105625946804,0.0,bots_v1,112,112,525.2701124611672,479.8176737053357,1.0947285630494399,91.58061990643874,0.9635141249964364,545.1607805574307,0.0,6.579000000783708,21.80354199663276,1.1404506296758155,487.201190474736,15.029565996078045,0.0028418847082542316,0.008212540597654227,0.005751585578241551,10.0,31.834552270373788,0.0018259398363323451
P11.csv,/Users/lizaafonin/Documents/cs/גאומטריה יישומית/project/data/session_01/P11.csv,session_01,P11,ok,,estimated,ok,local_mask_v1,93.93939393939395,94,94,"[{""start_s_px"": 0.0, ""end_s_px"": 14.483763359027723, ""reason"": ""endpoint""}, {""start_s_px"": 463.48042748888713, ""end_s_px"": 477.96419084791484, ""reason"": ""endpoint""}]",0,0,100,7,50da49a9,bot_noisy,154178492,1.0,,,12.0,bots_v1,124,123,477.9641908479144,467.4109540864441,1.0225780689759327,13.70314483219288,0.9498964579979656,503.17504273601367,0.0009147910022875,5.766791997302789,19.95587499550311,1.0682116007222346,505.45128350811416,18.936718468979016,0.0061560012144812395,0.021345131111080277,0.016762273464014148,10.63014581273465,28.967526718055446,0.004618141005359194
P12.csv,/Users/lizaafonin/Documents/cs/גאומטריה יישומית/project/data/session_01/P12.csv,session_01,P12,ok,,estimated,ok,local_mask_v1,93.93939393939392,94,94,"[{""start_s_px"": 0.0, ""end_s_px"": 15.404029292109232, ""reason"": ""endpoint""}, {""start_s_px"": 492.9289373474955, ""end_s_px"": 508.3329666396047, ""reason"": ""endpoint""}]",0,0,100,7,26c06ab4,bot_curved,3317388673,1.0,645.828060759006,320.1683421646876,0.0,bots_v1,87,87,508.33296663960454,474.4733922992943,1.0713624302012532,78.43432446160237,0.959552458996768,529.7604751813957,0.0,10.389375001977875,34.627458000613814,1.1184106858488676,485.3411171536984,9.182100451473463,0.002539236907494285,0.007469587769334171,0.005264683669509698,18.439088914585774,30.808058584218465,0.001872154486498558
P13.csv,/Users/lizaafonin/Documents/cs/גאומטריה יישומית/project/data/session_01/P13.csv,session_01,P13,ok,,estimated,ok,local_mask_v1,93.93939393939394,94,94,"[{""start_s_px"": 0.0, ""end_s_px"": 16.641578701966132, ""reason"": ""endpoint""}, {""start_s_px"": 532.5305184629161, ""end_s_px"": 549.1720971648823, ""reason"": ""endpoint""}]",0,0,100,7,e97ae77b,bot_linear,4220637280,1.0,,,0.0,bots_v1,101,101,549.1720971648821,547.1352666388815,1.0037227184029154,0.6049692282374216,0.9608817920016008,571.529299166871,0.0,8.14745799652884,35.10345799440984,1.0206617477278654,565.0106193692292,15.419710281232927,0.0015572931601626878,0.004483590939552229,0.003424204543916712,20.396078054371138,33.283157403932265,0.001088096414835976
P14.csv,/Users/lizaafonin/Documents/cs/גאומטריה יישומית/project/data/session_01/P14.csv,session_01,P14,ok,,estimated,ok,local_mask_v1,93.93939393939395,94,94,"[{""start_s_px"": 0.0, ""end_s_px"": 14.815440772203601, ""reason"": ""endpoint""}, {""start_s_px"": 474.0941047105152, ""end_s_px"": 488.9095454827188, ""reason"": ""endpoint""}]",0,0,100,7,4e702b60,bot_curved,3571501417,1.0,650.894946984115,287.43620524964155,0.0,bots_v1,105,104,488.9095454827186,466.47615158762403,1.0480911914119164,61.70519093427468,0.9616592909951578,508.4020401620395,0.0008911659970181,6.025020498782424,35.678499996720305,1.0803159173556431,487.090340696672,12.092609744760159,0.0025424323780090514,0.0065316807257680565,0.005968868475371158,19.026297590440446,29.630881544407202,0.0017619404081233806
P15.csv,/Users/lizaafonin/Documents/cs/גאומטריה יישומית/project/data/session_01/P15.csv,session_01,P15,ok,,estimated,ok,local_mask_v1,93.93939393939397,94,94,"[{""start_s_px"": 0.0, ""end_s_px"": 8.643782634297654, ""reason"": ""endpoint""}, {""start_s_px"": 276.6010442975249, ""end_s_px"": 285.24482693182256, ""reason"": ""endpoint""}]",0,0,100,7,fd394c27,bot_noisy,4112643234,1.0,,,7.551489919214617,bots_v1,97,96,285.2448269318225,278.01618657912707,1.0260007895282675,8.790855058018018,0.9207226250000532,309.80538458236106,0.0009129170066444,9.041270997840911,29.706417000852525,1.057525006835642,285.3944638566067,19.4772251672583,0.012301567396855282,0.03374315064846867,0.026118156788596223,9.055385138137417,17.28756526859531,0.007711357281343519
P16.csv,/Users/lizaafonin/Documents/cs/גאומטריה יישומית/project/data/session_01/P16.csv,session_01,P16,review,Excluded windows around 1 exact direction reversals; Curvature describes retained portions only (86.9% of path length),partial_estimate,ok,local_mask_v1,86.86868686868686,88,94,"[{""start_s_px"": 0.0, ""end_s_px"": 13.28390259518081, ""reason"": ""endpoint""}, {""start_s_px"": 425.08488304578594, ""end_s_px"": 438.36878564096673, ""reason"": ""endpoint""}, {""start_s_px"": 384.6671745981129, ""end_s_px"": 411.2349797884745, ""reason"": ""direction_reversal""}]",1,0,100,7,fa856b20,human,,,,,,,176,58,438.36878564096673,401.2044366653988,1.0926319491490635,41.19346270784982,1.2201703340033418,359.268516390406,0.6570252909950796,5.846790998475681,29.691958996409085,4.3736423108745335,412.93340867505503,11.788210661062868,0.005399246464217436,0.04310224516362461,0.024306249277307127,26.627053911388696,26.56780519036162,0.007788158995353325
P17.csv,/Users/lizaafonin/Documents/cs/גאומטריה יישומית/project/data/session_01/P17.csv,session_01,P17,review,Excluded windows touching 1 sparse source gaps; Excluded windows around 3 exact direction reversals; Curvature describes retained portions only (56.6% of path length),partial_estimate,ok,local_mask_v1,56.565656565656546,59,94,"[{""start_s_px"": 0.0, ""end_s_px"": 14.425791902643788, ""reason"": ""endpoint""}, {""start_s_px"": 461.62534088460126, ""end_s_px"": 476.051132787245, ""reason"": ""endpoint""}, {""start_s_px"": 30.883303622173173, ""end_s_px"": 167.3499421363629, ""reason"": ""sparse_source""}, {""start_s_px"": 323.085640213399, ""end_s_px"": 351.93722401868655, ""reason"": ""direction_reversal""}, {""start_s_px"": 326.91406733814523, ""end_s_px"": 355.76565114343276, ""reason"": ""direction_reversal""}, {""start_s_px"": 328.32828090051834, ""end_s_px"": 357.17986470580587, ""reason"": ""direction_reversal""}]",3,1,100,7,9055120c,human,,,,,,,110,54,476.0511327872448,454.00991178607546,1.04854788503286,36.09392564918578,0.8210253750003176,579.8251153772935,0.2942876230008551,5.742166002164595,42.39299999608198,7.50490063425582,456.93106701120684,20.153126743137886,0.008025850812964792,0.04007811910270849,0.026494925425032394,107.61505470890214,28.851583805287575,0.009918635948715053
P18.csv,/Users/lizaafonin/Documents/cs/גאומטריה יישומית/project/data/session_01/P18.csv,session_01,P18,review,Excluded windows touching 1 sparse source gaps; Curvature describes retained portions only (66.7% of path length),partial_estimate,ok,local_mask_v1,66.66666666666666,67,94,"[{""start_s_px"": 0.0, ""end_s_px"": 13.928978893300073, ""reason"": ""endpoint""}, {""start_s_px"": 445.72732458560233, ""end_s_px"": 459.65630347890243, ""reason"": ""endpoint""}, {""start_s_px"": 17.15576970676835, ""end_s_px"": 138.66200564091375, ""reason"": ""sparse_source""}]",0,1,100,7,f26ddb0a,human,,,,,,,117,57,459.6563034789024,442.6386788341028,1.038445859927161,22.087992910498308,0.8534882919993834,538.5619320003917,0.3102481669775443,5.737916999350945,37.9430419998244,7.546392095006441,468.97547910311897,13.129530661392712,0.009129715857207054,0.07987056049810431,0.029538877787807984,93.64827814754524,27.857957786600146,0.013257088588162966
P19.csv,/Users/lizaafonin/Documents/cs/גאומטריה יישומית/project/data/session_01/P19.csv,session_01,P19,ok,,estimated,ok,local_mask_v1,93.93939393939394,94,94,"[{""start_s_px"": 0.0, ""end_s_px"": 14.772700839390104, ""reason"": ""endpoint""}, {""start_s_px"": 472.72642686048334, ""end_s_px"": 487.49912769987344, ""reason"": ""endpoint""}]",0,0,100,7,905628b9,human,,,,,,,78,44,487.4991276998734,465.55987799637546,1.0471244425054789,30.62549131459091,0.6363983749979525,766.0282408820448,0.16953595700761065,5.745499998738607,21.932167001068592,3.662234360973993,466.37752947585284,9.343212485929518,0.005208799606971236,0.06036338130840986,0.024585975546516523,49.03060268852505,29.54540167878021,0.010569868902420362
P20.csv,/Users/lizaafonin/Documents/cs/גאומטריה יישומית/project/data/session_01/P20.csv,session_01,P20,ok,,estimated,ok,local_mask_v1,93.93939393939394,94,94,"[{""start_s_px"": 0.0, ""end_s_px"": 12.7443038362509, ""reason"": ""endpoint""}, {""start_s_px"": 407.81772276002886, ""end_s_px"": 420.56202659627974, ""reason"": ""endpoint""}]",0,0,100,7,bb8284a7,human,,,,,,,89,40,420.5620265962796,399.5322264849232,1.0526360546591602,50.65673970298298,0.7285770839953329,577.2375165713744,0.2604343329949188,5.730333003157291,32.077124997158535,4.753322233694269,433.78911927340914,5.394993409755126,0.004891202724788174,0.02544584185018177,0.015775440474242442,66.2117814289874,25.4886076725018,0.005622226318137336
P21.csv,/Users/lizaafonin/Documents/cs/גאומטריה יישומית/project/data/session_01/P21.csv,session_01,P21,ok,,estimated,ok,local_mask_v1,93.93939393939392,94,94,"[{""start_s_px"": 0.0, ""end_s_px"": 8.844305083600226, ""reason"": ""endpoint""}, {""start_s_px"": 283.0177626752073, ""end_s_px"": 291.8620677588075, ""reason"": ""endpoint""}]",0,0,100,7,63763d96,human,,,,,,,83,32,291.8620677588074,275.0727176584403,1.0610360425537169,33.980105622856556,0.6171305829993798,472.9340528552297,0.28566149999824125,5.750187498051653,26.893875001405775,3.5620167501867503,284.9087573241651,3.6122907610544237,0.006642942279216546,0.04247049647975473,0.02172049777850642,40.85339643163099,17.68861016720045,0.008129554544939686
P22.csv,/Users/lizaafonin/Documents/cs/גאומטריה יישומית/project/data/session_01/P22.csv,session_01,P22,review,Excluded windows touching 2 sparse source gaps; Excluded windows around 1 exact direction reversals; Curvature describes retained portions only (41.4% of path length),partial_estimate,ok,local_mask_v1,41.41414141414141,44,94,"[{""start_s_px"": 0.0, ""end_s_px"": 21.022763137780995, ""reason"": ""endpoint""}, {""start_s_px"": 672.7284204089918, ""end_s_px"": 693.7511835467728, ""reason"": ""endpoint""}, {""start_s_px"": 135.89301576573243, ""end_s_px"": 283.280841237771, ""reason"": ""sparse_source""}, {""start_s_px"": 241.23531496220903, ""end_s_px"": 443.3933017147745, ""reason"": ""sparse_source""}, {""start_s_px"": 584.0349530548057, ""end_s_px"": 626.0804793303677, ""reason"": ""direction_reversal""}]",1,2,100,7,75b19f54,human,,,,,,,79,21,693.7511835467727,668.6224644745344,1.0375828220070153,31.377946621174377,0.5714952080015792,1213.9230107855178,0.3203765009966446,5.727625499275704,28.486792005423922,5.931986366105194,651.4115442636859,9.462088540392923,0.003854988143507482,0.01911266486922732,0.016260783355974546,160.11246047700348,42.04552627556199,0.005452853837122721
P23.csv,/Users/lizaafonin/Documents/cs/גאומטריה יישומית/project/data/session_01/P23.csv,session_01,P23,ok,,estimated,ok,local_mask_v1,93.93939393939395,94,94,"[{""start_s_px"": 0.0, ""end_s_px"": 18.393116742242754, ""reason"": ""endpoint""}, {""start_s_px"": 588.5797357517681, ""end_s_px"": 606.9728524940109, ""reason"": ""endpoint""}]",0,0,100,7,916d65ca,bot_linear,4136647144,1.0,,,0.0,bots_v1,112,112,606.9728524940106,605.0595012062863,1.0031622531071898,0.7833940282815203,0.9752145000020392,622.3993311140691,0.0,6.474583002272993,30.990291998023167,1.0179022060917522,604.4476817723764,11.372500369963753,0.0013099790332057552,0.004849393938455057,0.002811437619284422,18.867962264113206,36.78623348448551,0.0009161410686925293
P24.csv,/Users/lizaafonin/Documents/cs/גאומטריה יישומית/project/data/session_01/P24.csv,session_01,P24,ok,,estimated,ok,local_mask_v1,93.93939393939392,94,94,"[{""start_s_px"": 0.0, ""end_s_px"": 9.078690655132501, ""reason"": ""endpoint""}, {""start_s_px"": 290.51810096424003, ""end_s_px"": 299.59679161937254, ""reason"": ""endpoint""}]",0,0,100,7,85c78350,bot_curved,2846529621,1.0,168.14214654725384,254.63550290484648,0.0,bots_v1,97,96,299.59679161937254,273.4849173172078,1.0954782975175126,50.891289130423544,0.9350617500022054,320.4032157434158,0.0009112080006161,10.211437995167202,31.512041001406004,1.177400988174381,301.69189581425616,17.465669495611927,0.005492207613978528,0.018985237713639077,0.013067988378873427,10.0,18.157381310265002,0.004221220898538427
P25.csv,/Users/lizaafonin/Documents/cs/גאומטריה יישומית/project/data/session_01/P25.csv,session_01,P25,ok,,estimated,ok,local_mask_v1,93.93939393939394,94,94,"[{""start_s_px"": 0.0, ""end_s_px"": 23.17234281125368, ""reason"": ""endpoint""}, {""start_s_px"": 741.5149699601178, ""end_s_px"": 764.6873127713715, ""reason"": ""endpoint""}]",0,0,100,7,a8bb6204,bot_noisy,320898448,1.0,,,12.0,bots_v1,111,111,764.6873127713715,761.4492760519246,1.00425246542519,10.91996573049862,0.9696804999985034,788.5971851270101,0.0,5.840083002112792,34.534499995061196,1.0109325402432843,775.3276726649192,8.653436355296096,0.0016396245929670551,0.006048021284251885,0.004839459772462189,27.294688127912362,46.34468562250736,0.0013730075016574741
P01.csv,/Users/lizaafonin/Documents/cs/גאומטריה יישומית/project/data/session_02/P01.csv,session_02,P01,review,Excluded windows touching 1 sparse source gaps; Curvature describes retained portions only (63.6% of path length),partial_estimate,ok,local_mask_v1,63.63636363636364,65,94,"[{""start_s_px"": 0.0, ""end_s_px"": 13.047325687101907, ""reason"": ""endpoint""}, {""start_s_px"": 417.514421987261, ""end_s_px"": 430.56174767436295, ""reason"": ""endpoint""}, {""start_s_px"": 125.25827496520424, ""end_s_px"": 249.35292633940804, ""reason"": ""sparse_source""}]",0,1,100,7,557fa221,human,,,,,,,78,48,430.56174767436295,369.845913861435,1.164165214586298,40.692622078389576,0.6492727500008186,663.1446455650881,0.16012208299798655,5.7299170002807,36.49391700309931,7.185361071387548,344.70277051396033,16.54288735286167,0.011081411908881412,0.13128987918493268,0.06957426356893574,98.0,26.094651374203814,0.02418625686008803
P02.csv,/Users/lizaafonin/Documents/cs/גאומטריה יישומית/project/data/session_02/P02.csv,session_02,P02,review,Excluded windows around 3 exact direction reversals; Curvature describes retained portions only (89.9% of path length),partial_estimate,ok,local_mask_v1,89.8989898989899,90,94,"[{""start_s_px"": 0.0, ""end_s_px"": 15.394498413108765, ""reason"": ""endpoint""}, {""start_s_px"": 492.62394921948055, ""end_s_px"": 508.0184476325893, ""reason"": ""endpoint""}, {""start_s_px"": 0.0, ""end_s_px"": 16.394498413108764, ""reason"": ""direction_reversal""}, {""start_s_px"": 479.4018240802701, ""end_s_px"": 508.0184476325893, ""reason"": ""direction_reversal""}, {""start_s_px"": 481.4018240802701, ""end_s_px"": 508.0184476325893, ""reason"": ""direction_reversal""}]",3,0,100,7,2f8f217b,human,,,,,,,105,59,508.01844763258924,468.15809295578777,1.0851429362785059,66.42200672783557,0.7528067919993191,674.8324444355554,0.2235354600124992,5.7459584968455495,21.265249997668434,5.2119001584873965,483.8233148578105,16.808022872643782,0.007104684466705419,0.05974021327965425,0.03444433670194051,77.82673062643708,30.78899682621753,0.012986179426871436
P03.csv,/Users/lizaafonin/Documents/cs/גאומטריה יישומית/project/data/session_02/P03.csv,session_02,P03,ok,,estimated,ok,local_mask_v1,93.93939393939394,94,94,"[{""start_s_px"": 0.0, ""end_s_px"": 8.776209437433184, ""reason"": ""endpoint""}, {""start_s_px"": 280.8387019978619, ""end_s_px"": 289.6149114352951, ""reason"": ""endpoint""}]",0,0,100,7,9793684a,human,,,,,,,46,16,289.6149114352951,289.0847626562147,1.001833886968684,5.590055958507156,0.3077148330048658,941.1795609824096,0.1668434570092358,5.734375001338721,19.775792003201786,4.276214146843573,295.24396691549856,0.4984436481307466,0.0018122235970852972,0.014396894386574755,0.0066873298210893195,33.13608305156178,17.55241887486637,0.002781529985882987
P04.csv,/Users/lizaafonin/Documents/cs/גאומטריה יישומית/project/data/session_02/P04.csv,session_02,P04,review,Excluded windows touching 2 sparse source gaps; Curvature describes retained portions only (50.5% of path length),partial_estimate,ok,local_mask_v1,50.505050505050505,52,94,"[{""start_s_px"": 0.0, ""end_s_px"": 19.14647196488387, ""reason"": ""endpoint""}, {""start_s_px"": 612.6871028762838, ""end_s_px"": 631.8335748411677, ""reason"": ""endpoint""}, {""start_s_px"": 102.08845597775486, ""end_s_px"": 270.47751822009945, ""reason"": ""sparse_source""}, {""start_s_px"": 232.18457429033174, ""end_s_px"": 368.47751822009945, ""reason"": ""sparse_source""}]",0,2,100,7,429e01df,human,,,,,,,69,19,631.8335748411677,612.3667201930556,1.031789537226933,26.368186688704235,0.5335314170006313,1184.2481149341952,0.28112591700482875,5.743353998695955,40.172374996473025,7.704618285452546,618.4690776425285,2.3006959849466284,0.004312463095786726,0.03341736921735557,0.024909172115886658,130.09611831257686,38.29294392976774,0.008313588280070167
P05.csv,/Users/lizaafonin/Documents/cs/גאומטריה יישומית/project/data/session_02/P05.csv,session_02,P05,ok,,estimated,ok,local_mask_v1,93.93939393939394,94,94,"[{""start_s_px"": 0.0, ""end_s_px"": 17.89135089102109, ""reason"": ""endpoint""}, {""start_s_px"": 572.5232285126749, ""end_s_px"": 590.4145794036959, ""reason"": ""endpoint""}]",0,0,100,7,da14a379,human,,,,,,,71,32,590.4145794036959,585.0854638426766,1.0091082686040758,19.373238100216867,0.58319983399997,1012.3709661476453,0.20413987500069197,5.732311998144709,33.84729200479342,4.2630344577031245,616.9375981410113,1.9942820480329262,0.0015805709205217332,0.013544710591292754,0.009394135896158068,68.0,35.78270178204218,0.002950467426316509
P06.csv,/Users/lizaafonin/Documents/cs/גאומטריה יישומית/project/data/session_02/P06.csv,session_02,P06,ok,,estimated,ok,local_mask_v1,93.93939393939397,94,94,"[{""start_s_px"": 0.0, ""end_s_px"": 33.526107580395205, ""reason"": ""endpoint""}, {""start_s_px"": 1072.8354425726466, ""end_s_px"": 1106.3615501530417, ""reason"": ""endpoint""}]",0,0,100,7,efb77b55,human,,,,,,,94,58,1106.3615501530414,777.9286599682518,1.4221889577872002,67.96253014017724,0.8851798329997109,1249.872069954177,0.19133104100183113,5.748042000050191,32.28483299608342,4.505932096774623,788.3431993744856,8.151524556043057,0.005788774764415032,0.09869682952227053,0.027881139916331454,59.413803110051795,67.05221516079041,0.0143192000916925
P07.csv,/Users/lizaafonin/Documents/cs/גאומטריה יישומית/project/data/session_02/P07.csv,session_02,P07,review,Excluded windows around 3 exact direction reversals; Curvature describes retained portions only (73.7% of path length),partial_estimate,ok,local_mask_v1,73.73737373737374,75,94,"[{""start_s_px"": 0.0, ""end_s_px"": 32.82940126983469, ""reason"": ""endpoint""}, {""start_s_px"": 1050.54084063471, ""end_s_px"": 1083.3702419045449, ""reason"": ""endpoint""}, {""start_s_px"": 33.629776316199596, ""end_s_px"": 99.28857885586898, ""reason"": ""direction_reversal""}, {""start_s_px"": 388.6389433385408, ""end_s_px"": 454.2977458782102, ""reason"": ""direction_reversal""}, {""start_s_px"": 988.5152510796544, ""end_s_px"": 1054.1740536193238, ""reason"": ""direction_reversal""}]",3,0,100,7,e65cea1c,human,,,,,,,155,111,1083.3702419045449,255.72055060162842,4.236539610741969,191.17743914199394,1.494170917001611,725.0644685807231,0.23981941799138445,6.183375000546193,30.419833004998566,3.1265070286398045,260.6012279326404,39.0017940298628,0.012244408552156085,0.06735656853202766,0.03910501848548702,43.56604182158393,65.65880253966938,0.013666527552252008
P08.csv,/Users/lizaafonin/Documents/cs/גאומטריה יישומית/project/data/session_02/P08.csv,session_02,P08,ok,,estimated,ok,local_mask_v1,93.93939393939395,94,94,"[{""start_s_px"": 0.0, ""end_s_px"": 17.53469224461051, ""reason"": ""endpoint""}, {""start_s_px"": 561.1101518275364, ""end_s_px"": 578.6448440721468, ""reason"": ""endpoint""}]",0,0,100,7,539d7974,human,,,,,,,74,44,578.6448440721467,536.4000372856065,1.078756159302888,61.278892086464104,0.6368767079984536,908.5665040109328,0.15176950000022763,5.715457999031101,24.792542004433898,3.7510511908373334,550.3135469893505,8.94639153502114,0.004489781609107632,0.037861336318786826,0.01260729442692769,59.50630218724736,35.06938448922102,0.005995979567717948
P09.csv,/Users/lizaafonin/Documents/cs/גאומטריה יישומית/project/data/session_02/P09.csv,session_02,P09,review,Excluded windows touching 1 sparse source gaps; Curvature describes retained portions only (62.6% of path length),partial_estimate,ok,local_mask_v1,62.62626262626263,64,94,"[{""start_s_px"": 0.0, ""end_s_px"": 10.990682074360445, ""reason"": ""endpoint""}, {""start_s_px"": 351.7018263795342, ""end_s_px"": 362.6925084538947, ""reason"": ""endpoint""}, {""start_s_px"": 17.175895236864335, ""end_s_px"": 125.76557307428374, ""reason"": ""sparse_source""}]",0,1,100,7,005227fb,human,,,,,,,78,35,362.6925084538947,342.1841609426129,1.0599336551837688,46.35223312589276,0.594631207997736,609.9452964723566,0.2326616659993305,5.730250006308779,40.21545800060261,7.120816583200581,354.6632205346362,3.9409789195930016,0.006532688493034115,0.05053805638523852,0.020431231008907452,86.6083136886985,21.98136414872089,0.009901679303550796
P10.csv,/Users/lizaafonin/Documents/cs/גאומטריה יישומית/project/data/session_02/P10.csv,session_02,P10,ok,,estimated,ok,local_mask_v1,93.93939393939394,94,94,"[{""start_s_px"": 0.0, ""end_s_px"": 15.258473601137956, ""reason"": ""endpoint""}, {""start_s_px"": 488.2711552364146, ""end_s_px"": 503.52962883755254, ""reason"": ""endpoint""}]",0,0,100,7,e33eed4a,bot_noisy,2680004029,1.0,,,12.0,bots_v1,128,127,503.52962883755214,484.87627287793737,1.0384703418232852,13.615844637673137,0.9531784170030732,528.2637750241136,0.000891584000783,5.816874996526112,15.7424160061055,1.1190380717464499,506.42274830422065,22.38719082392237,0.008278094654017238,0.027085602399203237,0.022948591235228594,7.280109889280518,30.51694720227591,0.0071476903103934895
P11.csv,/Users/lizaafonin/Documents/cs/גאומטריה יישומית/project/data/session_02/P11.csv,session_02,P11,ok,,estimated,ok,local_mask_v1,93.93939393939395,94,94,"[{""start_s_px"": 0.0, ""end_s_px"": 20.709571807290896, ""reason"": ""endpoint""}, {""start_s_px"": 662.7062978333087, ""end_s_px"": 683.4158696405996, ""reason"": ""endpoint""}]",0,0,100,7,384c08bf,bot_noisy,3216835410,1.0,,,12.0,bots_v1,137,137,683.4158696405998,677.0029542033033,1.0094725073169633,10.553868274338969,0.9676919170015026,706.2329008164471,0.0,5.769396000687266,11.484624999866355,1.035687665996355,698.0007163320106,13.711766129490895,0.0027475052714433404,0.01044490416185037,0.007945814256255106,8.06225774829855,41.41914361458179,0.0024073658954847205
P12.csv,/Users/lizaafonin/Documents/cs/גאומטריה יישומית/project/data/session_02/P12.csv,session_02,P12,ok,,estimated,ok,local_mask_v1,93.93939393939394,94,94,"[{""start_s_px"": 0.0, ""end_s_px"": 19.48070708456754, ""reason"": ""endpoint""}, {""start_s_px"": 623.3826267061613, ""end_s_px"": 642.8633337907288, ""reason"": ""endpoint""}]",0,0,100,7,75691d3b,bot_noisy,3739423431,1.0,,,12.0,bots_v1,110,110,642.8633337907283,635.1850124176419,1.0120883226508466,11.788691253118781,0.963516375006293,667.2054056025044,0.0,6.181583994475659,30.125500001304427,1.0528890696057966,649.8038165477332,15.935244810020174,0.003214385475781371,0.014005958591948047,0.009565122153409059,20.8806130178211,38.96141416913508,0.00305741045956539
P13.csv,/Users/lizaafonin/Documents/cs/גאומטריה יישומית/project/data/session_02/P13.csv,session_02,P13,ok,,estimated,ok,local_mask_v1,93.93939393939392,94,94,"[{""start_s_px"": 0.0, ""end_s_px"": 9.65745788184562, ""reason"": ""endpoint""}, {""start_s_px"": 309.0386522190598, ""end_s_px"": 318.69611010090546, ""reason"": ""endpoint""}]",0,0,100,7,2a52d25b,bot_noisy,781695336,1.0,,,8.37723850681118,bots_v1,84,83,318.6961101009055,310.85205484281425,1.0252340466658896,9.583337004178286,0.9286920000013196,343.1666366249011,0.0008817500056466,6.934791003004593,38.52041600475786,1.0424974441200645,330.55256768024054,16.533062311509205,0.009912957723065953,0.032855526864384935,0.025348548235757495,13.341664064126334,19.31491576369124,0.007561762623195934
P14.csv,/Users/lizaafonin/Documents/cs/גאומטריה יישומית/project/data/session_02/P14.csv,session_02,P14,ok,,estimated,ok,local_mask_v1,93.93939393939394,94,94,"[{""start_s_px"": 0.0, ""end_s_px"": 19.406722479976107, ""reason"": ""endpoint""}, {""start_s_px"": 621.0151193592354, ""end_s_px"": 640.4218418392115, ""reason"": ""endpoint""}]",0,0,100,7,94ac0b6f,bot_curved,1838679642,1.0,315.10829649350654,480.1054490245437,0.0,bots_v1,109,109,640.4218418392113,576.6680154126809,1.1105555097951916,121.81358792672047,0.9685334579990011,661.2284134843711,0.0,6.397874498361516,26.201208005659282,1.1817620915105995,600.1816391726758,11.2295205228443,0.00234797003799242,0.00638226369788256,0.005004495893909381,18.24828759089466,38.813444959952214,0.0014803901699784168
P15.csv,/Users/lizaafonin/Documents/cs/גאומטריה יישומית/project/data/session_02/P15.csv,session_02,P15,ok,,estimated,ok,local_mask_v1,93.93939393939394,94,94,"[{""start_s_px"": 0.0, ""end_s_px"": 14.557388814755445, ""reason"": ""endpoint""}, {""start_s_px"": 465.83644207217424, ""end_s_px"": 480.39383088692966, ""reason"": ""endpoint""}]",0,0,100,7,6cf37116,bot_noisy,177248091,1.0,,,12.0,bots_v1,105,104,480.39383088692955,467.2386970275472,1.0281550606640075,14.069896268913732,0.9514414999939618,504.9115798396205,0.0008948749964474,6.087312500312657,28.60066699940944,1.0622342168468508,508.8270826125512,18.205629819501468,0.007756401209783593,0.023625046468907094,0.019641149219327945,16.1245154965971,29.11477762951089,0.005491719207552767
P16.csv,/Users/lizaafonin/Documents/cs/גאומטריה יישומית/project/data/session_02/P16.csv,session_02,P16,ok,,estimated,ok,local_mask_v1,93.93939393939394,94,94,"[{""start_s_px"": 0.0, ""end_s_px"": 22.960149390954598, ""reason"": ""endpoint""}, {""start_s_px"": 734.7247805105471, ""end_s_px"": 757.6849299015017, ""reason"": ""endpoint""}]",0,0,100,7,07a9fa65,bot_linear,2253939223,1.0,,,0.0,bots_v1,123,123,757.684929901502,756.246652885155,1.0019018623234361,0.8343838582196341,0.9784381669960568,774.382025823565,0.0,5.785666999145192,37.40975000255281,1.0196409337740386,760.8133805342806,9.128221863545535,0.0010104694487876155,0.0027219828670057887,0.002214427490269241,29.068883707497267,45.920298781909196,0.0006835791704222672
P17.csv,/Users/lizaafonin/Documents/cs/גאומטריה יישומית/project/data/session_02/P17.csv,session_02,P17,ok,,estimated,ok,local_mask_v1,93.93939393939395,94,94,"[{""start_s_px"": 0.0, ""end_s_px"": 14.493649610176343, ""reason"": ""endpoint""}, {""start_s_px"": 463.7967875256429, ""end_s_px"": 478.2904371358193, ""reason"": ""endpoint""}]",0,0,100,7,15a3aa0a,bot_curved,368263533,1.0,885.6,215.6516129032258,0.0,bots_v1,103,103,478.290437135819,452.5417107847629,1.0568980178786274,65.22934637076973,0.9601863339994452,498.122520806566,0.0,9.214833000441915,23.706915999355303,1.0919116950743406,460.4921280543241,14.21032903967895,0.002773124706861098,0.010365520058358679,0.006345243092427147,12.041594578792296,28.987299220352686,0.002075392740762385
P18.csv,/Users/lizaafonin/Documents/cs/גאומטריה יישומית/project/data/session_02/P18.csv,session_02,P18,ok,,estimated,ok,local_mask_v1,93.93939393939394,94,94,"[{""start_s_px"": 0.0, ""end_s_px"": 11.95942316648126, ""reason"": ""endpoint""}, {""start_s_px"": 382.7015413274003, ""end_s_px"": 394.6609644938816, ""reason"": ""endpoint""}]",0,0,100,7,c087269a,bot_noisy,1944848256,1.0,,,10.220689800595654,bots_v1,134,133,394.66096449388135,384.1939614309418,1.0272440592870198,10.414010634363322,0.939045042003272,420.2790567446564,0.0009102920012082,5.761083004472312,15.97708299959777,1.0305015089465297,411.655195521689,32.06668193102992,0.00787611256665535,0.022586964588048344,0.016711060182026997,6.708203932499369,23.91884633296252,0.005296740329794132
P19.csv,/Users/lizaafonin/Documents/cs/גאומטריה יישומית/project/data/session_02/P19.csv,session_02,P19,ok,,estimated,ok,local_mask_v1,93.93939393939395,94,94,"[{""start_s_px"": 0.0, ""end_s_px"": 14.369713158004034, ""reason"": ""endpoint""}, {""start_s_px"": 459.830821056129, ""end_s_px"": 474.2005342141331, ""reason"": ""endpoint""}]",0,0,100,7,d7ca9ecb,bot_noisy,3400540152,1.0,,,12.0,bots_v1,127,126,474.2005342141327,464.81178986768396,1.0201990236717562,9.588827342931115,0.949815125000896,499.25561483734566,0.0008831250015646,5.806832999951457,16.853916997206397,1.0583049192606977,486.5439342957633,21.81728088578883,0.005728914875958968,0.022748884529545255,0.015623424056512271,8.48528137423857,28.739426316008068,0.004969351251907734
P01.csv,/Users/lizaafonin/Documents/cs/גאומטריה יישומית/project/data/session_04/P01.csv,session_04,P01,ok,,estimated,ok,local_mask_v1,93.93939393939395,94,94,"[{""start_s_px"": 0.0, ""end_s_px"": 17.86032348313812, ""reason"": ""endpoint""}, {""start_s_px"": 571.5303514604199, ""end_s_px"": 589.390674943558, ""reason"": ""endpoint""}]",0,0,100,7,c4ebc431,bot_smart_jerk,1740974126,1.0,255.9527580900995,148.007106912618,0.0,bots_v1,97,86,589.3906749435579,553.6804132349274,1.0644961621452167,86.49935749068828,0.8327065420016879,707.8011823069876,0.06212325000524278,5.898896004509845,20.549665998260025,1.5491801465107657,585.1367361566013,10.45583548147384,0.0021632420370194002,0.006137909704681752,0.00489489849524434,22.02271554554524,35.72064696627624,0.001469885399681492
P02.csv,/Users/lizaafonin/Documents/cs/גאומטריה יישומית/project/data/session_04/P02.csv,session_04,P02,ok,,estimated,ok,local_mask_v1,93.93939393939392,94,94,"[{""start_s_px"": 0.0, ""end_s_px"": 8.762825578528732, ""reason"": ""endpoint""}, {""start_s_px"": 280.4104185129194, ""end_s_px"": 289.17324409144817, ""reason"": ""endpoint""}]",0,0,100,7,5cfb7c11,bot_smart_full,3171400682,1.0,226.3852734799093,201.99250912646653,0.0,bots_v1,85,78,289.17324409144805,279.63190089830596,1.0341210826178664,23.44868371217986,0.7275666250061477,397.4525963020976,0.03582904200447949,5.832062499393942,21.00520900421543,1.4248687929020507,316.4806471176397,13.761372573199528,0.01667280038761008,0.04859169581364333,0.0366341452613673,12.206555615733702,17.525651157057464,0.011263820177968939
P03.csv,/Users/lizaafonin/Documents/cs/גאומטריה יישומית/project/data/session_04/P03.csv,session_04,P03,ok,,estimated,ok,local_mask_v1,93.93939393939392,94,94,"[{""start_s_px"": 0.0, ""end_s_px"": 17.16410907759263, ""reason"": ""endpoint""}, {""start_s_px"": 549.2514904829642, ""end_s_px"": 566.4155995605569, ""reason"": ""endpoint""}]",0,0,100,7,88c3391a,bot_smart_jerk,2747431565,1.0,439.5288425602133,28.85887385448777,0.0,bots_v1,104,92,566.4155995605568,525.7803723989704,1.0772855536165806,91.08936452207091,0.8344364579970716,678.8001580373716,0.06631320699671042,5.782625004940201,30.20012500201119,1.5182268256029194,537.3425350742299,8.078097205494785,0.002274096579410033,0.005843368211831556,0.004368335243089055,25.80697580112788,34.32821815518526,0.0012372487226516996
P04.csv,/Users/lizaafonin/Documents/cs/גאומטריה יישומית/project/data/session_04/P04.csv,session_04,P04,ok,,estimated,ok,local_mask_v1,93.93939393939394,94,94,"[{""start_s_px"": 0.0, ""end_s_px"": 7.870998431177615, ""reason"": ""endpoint""}, {""start_s_px"": 251.87194979768367, ""end_s_px"": 259.7429482288613, ""reason"": ""endpoint""}]",0,0,100,7,b969dc6d,bot_noisy,157953732,1.0,,,6.950944180469299,bots_v1,93,92,259.7429482288611,254.33245958783948,1.0212732918550376,4.6828470181513,0.9146161669996218,283.9912059295236,0.0011638340001809,10.131916500540683,31.73666600196151,1.082071126012132,268.40454541605664,24.984961711467662,0.009301842019821477,0.03632734043704512,0.024314462690266606,9.486832980505138,15.74199686235523,0.007772296237035423
P05.csv,/Users/lizaafonin/Documents/cs/גאומטריה יישומית/project/data/session_04/P05.csv,session_04,P05,ok,,estimated,ok,local_mask_v1,93.93939393939392,94,94,"[{""start_s_px"": 0.0, ""end_s_px"": 9.203356391044409, ""reason"": ""endpoint""}, {""start_s_px"": 294.5074045134211, ""end_s_px"": 303.7107609044655, ""reason"": ""endpoint""}]",0,0,100,7,3ea9271f,bot_curved,1404007949,1.0,435.436311311501,308.75067925057084,0.0,bots_v1,82,82,303.71076090446553,285.7918823199847,1.062699046729459,42.121560284633084,0.9322026660011034,325.79906921667833,0.0,9.276374999899417,39.55045799375512,1.10779440553522,290.423828223512,13.545041825255826,0.005221076876536603,0.016127652050963885,0.013014247825064117,12.529964086141668,18.406712782088817,0.004334121040354266
P06.csv,/Users/lizaafonin/Documents/cs/גאומטריה יישומית/project/data/session_04/P06.csv,session_04,P06,ok,,estimated,ok,local_mask_v1,93.93939393939392,94,94,"[{""start_s_px"": 0.0, ""end_s_px"": 10.451127316329107, ""reason"": ""endpoint""}, {""start_s_px"": 334.4360741225314, ""end_s_px"": 344.88720143886053, ""reason"": ""endpoint""}]",0,0,100,7,2046594f,bot_linear,1695976113,1.0,,,0.0,bots_v1,106,105,344.88720143886053,341.5406271587613,1.009798466167668,0.9691379990531503,0.9346000840014312,369.0211539060084,0.001229792003869,7.951916995807551,24.25504099664971,1.0369236201248226,368.8956492017763,22.48371368147557,0.0030583278353898268,0.009747806024143593,0.007130716284844496,8.602325267042627,20.902254632658213,0.0021974487331963724
P07.csv,/Users/lizaafonin/Documents/cs/גאומטריה יישומית/project/data/session_04/P07.csv,session_04,P07,ok,,estimated,ok,local_mask_v1,93.93939393939392,94,94,"[{""start_s_px"": 0.0, ""end_s_px"": 16.2029663179474, ""reason"": ""endpoint""}, {""start_s_px"": 518.4949221743169, ""end_s_px"": 534.6978884922643, ""reason"": ""endpoint""}]",0,0,100,7,2564d687,bot_smart_jerk,978547778,1.0,246.25554961498955,217.22587339807015,0.0,bots_v1,98,88,534.6978884922642,511.31399354995165,1.0457329453863815,65.32971993995832,0.8253675840023789,647.8300079334387,0.05700083400006401,5.834832998516504,29.114375000062864,1.5445883861353356,522.4720088196113,10.83043600642249,0.0020737205208929085,0.005977997492631003,0.004640316630076171,20.248456731316587,32.4059326358948,0.0015426564598311726
P08.csv,/Users/lizaafonin/Documents/cs/גאומטריה יישומית/project/data/session_04/P08.csv,session_04,P08,ok,,estimated,ok,local_mask_v1,93.93939393939395,94,94,"[{""start_s_px"": 0.0, ""end_s_px"": 12.614217236955458, ""reason"": ""endpoint""}, {""start_s_px"": 403.6549515825746, ""end_s_px"": 416.2691688195301, ""reason"": ""endpoint""}]",0,0,100,7,ab95b857,bot_smart_full,3671527237,1.0,557.7064842523811,279.6048234743937,0.0,bots_v1,90,84,416.2691688195301,391.0626548265636,1.0644564590401648,60.01340120397973,0.7688242919975892,541.4360253081537,0.0335285420005675,6.440083998313639,22.239917001570575,1.3805172479299743,398.0012562794243,11.529074588931172,0.007606593798687559,0.02510332664135598,0.019265060533138215,13.038404810405298,25.228434473910916,0.005801055908348978
